{"schemaVersion":"1.0","appDefinitionTemplate":{"id":"/providers/Microsoft.PowerApps/apps/","type":"Microsoft.PowerApps/apps","tags":{"minimumRequiredApiVersion":"2.2.0"},"properties":{"appVersion":"2019-10-16T15:37:21Z","lifeCycleId":"Published","createdByClientVersion":{"major":3,"minor":19094,"build":24,"revision":0,"majorRevision":0,"minorRevision":0},"minClientVersion":{"major":3,"minor":19094,"build":24,"revision":0,"majorRevision":0,"minorRevision":0},"backgroundColor":"rgba(0, 176, 240, 1)","backgroundImageUri":"/13667145786560551716/N96a4be8a-a1a7-463e-af2b-54bb312268cd-logoSmallFile","displayName":"OrgSettings","description":"","commitMessage":"","appUris":{"documentUri":{"value":"/13667145786560551716/Nfa0a05e2-bf4a-424b-9a4b-2f3bce6b1d36-document.msapp","readonlyValue":"/13667145786560551716/Nfa0a05e2-bf4a-424b-9a4b-2f3bce6b1d36-document.msapp"},"imageUris":[]},"createdTime":"0001-01-01T00:00:00Z","lastModifiedTime":"0001-01-01T00:00:00Z","sharedGroupsCount":0,"sharedUsersCount":0,"icons":{"smallIconUri":"/13667145786560551716/Nb2cd3c60-d077-49b0-bf26-959ddbf6b532-small.png","mediumIconUri":"/13667145786560551716/Nf74c2cbe-1fc8-46d0-ab47-5e53a6976c1c-medium.png","largeIconUri":"/13667145786560551716/N79dbf3ee-da8b-4443-87e3-5c2bce10ce94-large.png","wideIconUri":"/13667145786560551716/N858d9866-7300-4aa9-a9ec-6cce8ab2e59d-wide.png"},"connectionReferences":{"f3735df5-7019-4f5e-991f-6628f4ee9fa1":{"id":"548d085e-c0bf-4e42-bce0-a6adc0e56409","displayName":"OrgSettings","iconUri":"https://az787822.vo.msecnd.net/defaulticons/api-dedicated.png","dataSources":["OrgSettings"],"dependencies":[],"dependents":[],"parameterHints":{},"isOnPremiseConnection":false,"bypassConsent":false,"dataSets":{},"apiTier":"Standard","isCustomApiConnection":true}},"databaseReferences":{"default.cds":{"databaseDetails":{"referenceType":"Environmental","environmentName":"default.cds"},"dataSources":{"Organizations":{"entitySetName":"organizations","logicalName":"organization"},"Database Version":{"entitySetName":"msdyn_databaseversions","logicalName":"msdyn_databaseversion"}}}},"almMode":"Solution"},"appComponents":[]}}