{"schemaVersion":"1.0","appDefinitionTemplate":{"id":"/providers/Microsoft.PowerApps/apps/","type":"Microsoft.PowerApps/apps","tags":{"minimumRequiredApiVersion":"2.2.0"},"properties":{"appVersion":"2019-10-15T13:57:35Z","lifeCycleId":"Published","createdByClientVersion":{"major":3,"minor":19094,"build":22,"revision":0,"majorRevision":0,"minorRevision":0},"minClientVersion":{"major":3,"minor":19094,"build":22,"revision":0,"majorRevision":0,"minorRevision":0},"backgroundColor":"rgba(0, 176, 240, 1)","backgroundImageUri":"/13667145786560551716/N80cd2a94-f352-4469-881e-83137230af67-logoSmallFile","displayName":"OrgSettings","description":"","commitMessage":"","appUris":{"documentUri":{"value":"/13667145786560551716/N13b6896a-f733-4e5b-94b0-64109a0902f0-document.msapp","readonlyValue":"/13667145786560551716/N13b6896a-f733-4e5b-94b0-64109a0902f0-document.msapp"},"imageUris":[]},"createdTime":"0001-01-01T00:00:00Z","lastModifiedTime":"0001-01-01T00:00:00Z","sharedGroupsCount":0,"sharedUsersCount":0,"icons":{"smallIconUri":"/13667145786560551716/N287e43e9-db6b-4938-a326-8f2520e2a6c5-small.png","mediumIconUri":"/13667145786560551716/N9327f600-80a3-4a8b-b506-f63e159e37d7-medium.png","largeIconUri":"/13667145786560551716/N0074e7b3-18a2-4742-81a8-b87dd02c312c-large.png","wideIconUri":"/13667145786560551716/N60a1a54a-db1f-4e87-baf5-15f32512556b-wide.png"},"connectionReferences":{"c6dac3e7-5779-4873-bb1c-43e1e8d7c965":{"id":"85bb1361-30b9-4d58-b9c4-3701f561dd79","displayName":"Excel","iconUri":"https://connectoricons-prod.azureedge.net/excel/icon_1.0.1261.1716.png","dataSources":["orgSetting"],"dependencies":["262d8080-644d-4d63-9930-9b1e07ef0393"],"dependents":[],"parameterHints":{"262d8080-644d-4d63-9930-9b1e07ef0393":{"value":"fileSource"}},"isOnPremiseConnection":false,"bypassConsent":false,"dataSets":{"b!1IgH59xO-USss_DkyeWXpnurHfi1GBNHpETLezsKs2RQ23BLjP57Qa2xmhlJNL2X.01J4YI4G335MWP56CCLVFIBEMJEE63RJD7":{"dataSources":{"orgSetting":{"tableName":"orgSetting"}}}},"apiTier":"Standard","isCustomApiConnection":false},"262d8080-644d-4d63-9930-9b1e07ef0393":{"id":"a8dbc8cf-8f20-48a1-ab3e-4e2dde6b1d73","displayName":"OneDrive for Business","iconUri":"https://connectoricons-prod.azureedge.net/onedriveforbusiness/icon_1.0.1261.1716.png","dataSources":[],"dependencies":[],"dependents":["c6dac3e7-5779-4873-bb1c-43e1e8d7c965"],"parameterHints":{},"isOnPremiseConnection":false,"bypassConsent":false,"dataSets":{},"apiTier":"Standard","isCustomApiConnection":false},"f3735df5-7019-4f5e-991f-6628f4ee9fa1":{"id":"548d085e-c0bf-4e42-bce0-a6adc0e56409","displayName":"OrgSettings","iconUri":"https://az787822.vo.msecnd.net/defaulticons/api-dedicated.png","dataSources":["OrgSettings"],"dependencies":[],"dependents":[],"parameterHints":{},"isOnPremiseConnection":false,"bypassConsent":false,"dataSets":{},"apiTier":"Standard","isCustomApiConnection":true}},"databaseReferences":{"default.cds":{"databaseDetails":{"referenceType":"Environmental","environmentName":"default.cds"},"dataSources":{"Organizations":{"entitySetName":"organizations","logicalName":"organization"},"Database Version":{"entitySetName":"msdyn_databaseversions","logicalName":"msdyn_databaseversion"}}}},"almMode":"Solution"},"appComponents":[]}}